[{
    "image":"watch 1.PNG",
    "title":"rolex",
    "description":"this is men's watch.so decent and elegant to wear .",
    "price":"4.99"

},


{
    "image":"watch 2.PNG",
    "title":"rado",
    "description":"this is men's watch.so decent and elegant to wear .",
    "price":"9.99"

},


{
    "image":"watch 3.PNG",
    "title":"quartz",
    "description":"this is men's watch.so decent and elegant to wear    .",
    "price":"6.99"

},
{
    "image":"watch 4.PNG",
    "title":"quartz",
    "description":"this is men's watch.so decent and elegant to wear .",
    "price":"7.99"

},
{
    "image":"watch 5.PNG",
    "title":"rolex",
    "description":" this is men's watch.so decent and elegant to wear .",
    "price":"8.99"

},
{
    "image":"watch 6.PNG",
    "title":"rado",
    "description":" this is men's watch.so decent and elegant to wear .",
    "price":"5.99"

}



]